component,oxalic acid,lactic acid,Alanine,glycine,alpha-hydroxyisobutyric acid,N-acetylglycine,acetic acid,beta-hydroxyisobutyric acid,Valine,2-aminobutyric acid,Urea,Leucine,Phosphoric acid,glycerin,isoleucine,Proline,Glyceric acid ester,Glyceric acid,isosuccinic acid,Fumarate,Serine,Threonine,Amino malonic acid,Pyroglutamic acid,"2,3,4-trihydroxybutyric acid",citrulline,glutamate,Phenylalanine,ribitol,Lysine,hypoxanthine,Ornithine,Citrate,"1,5-dehydrated sorbitol",fructose,galactose,glucose,Mannose,Tyrosine,allonic acid,alpha-D-galactose pyranose,9-hexadecenoic acid,Palmitic acid,Inositol,Uric Acid,tryptophan,linoleic acid,oleic acid,stearic acid,arachidonic acid,Palmitate glyceride,Glyceryl Monostearate,Cholesterol
n101,17324446,72378848,7357679,5993733,2611617,3044247,1919870.125,2489270,5290117,4022718.5,5255624.5,6482970.5,0,2582650,2420962.5,3868430.5,2704952.75,1444503,1900193,1983558.875,3483447,4032329.25,1497946.25,7185744,1641016.875,2603530.5,2279826,2707961.75,1660119.5,2571742.5,2248121.25,0,2586575.75,6097602,2744860.5,2735985.5,123292816,21896624,2440936.25,2110592,1819647.5,2434131,8620634,1979780,2587708.25,0,7128289,5392086,4584548,1949821.5,2755602.5,0,10214000
n102,16434975.32,61123024.49,6193888,4608082.5,2931893.5,2862089.5,2002409.75,3036162.25,5969732,3683721,25631540.66,3286095.75,5975136.5,0,2641552.75,3350220,3213563.25,2919353.5,1612922,2143595.5,3185593,3946495.75,1903162.5,8022212,1518931,2477400.25,2521949.25,2685804.5,2144534,2437649.75,2391979.75,0,2620910,5267729.5,2174986.5,2504822.5,104279360,18871230,2144310.25,1965363.875,1563553.5,2485979.25,9022923,1908146.875,3783579.75,0,7338737.5,6191785,4451966.5,1742002.5,2881874,0,12535506
n104,18413759.06,80085288,8163374,5305022,3017387.5,3011622.5,2062188.125,2331838.25,6407452.5,3909888.25,24744029.57,3585979.5,6316502.5,0,2692043,5556932,2594059.25,2632161.5,2130353.75,1672902.25,3456021.75,4280602.5,1431616,9475714,1945487,2893307.5,2338723.5,3014105,2438215.25,2778566.25,2692292.25,0,3143851.75,7280187,2272093.5,2601224.75,122523672,21784324,2368588.25,2092180.125,1588102.625,2255023.75,8022214,2144151.25,4133541.25,6957917,0,5323847.5,4799863,1982601.375,3058328,0,10905868
n105,16208315.2,90035344,7036877,5026917,2427821.25,2814679.5,2020934.625,2753695.25,5616294,3695757.25,11198246,3153870.138,5023080.774,2611073.448,2560034.25,4288813,3117172.25,993239.4375,1811249.25,2397519.75,3695858.25,4238210,1286457.5,9113833,1902566.125,2740889,2717748.25,2897271.75,2531140.25,2824045,2571014.5,0,2870414.75,5597528,2214017.5,2527154.25,92271496,16187242,2394393.5,1918139.625,0,2842573.5,9567980,1706052.375,2277056.25,0,7682567,7227527.5,4813679,2748588.75,2714054.25,2432018.25,10484735
n109,15326098,68435528,6809060,4505451.5,2616469.25,2865934.25,1765361.625,2631200,4506053,3520673.25,5811006.5,5861521.5,0,2681781,2354486.5,3521653.75,2181202.25,1093576.875,2113590.5,1710712.125,2823903.25,3400343.5,1220081,8058232,2849965.25,2331969.25,2576068,2618418,2407717,2521959.25,2772871,0,2360036.75,6095615,2151223,2512147.25,104578728,18978122,2030881.375,1943512.625,0,2465969,8882621,1966943.375,2669064.25,0,6718484,6696633,4446867,1864345.625,2533352.5,0,10681386
n111,17018676,65232624,6929757,3422896,2942913.25,2916420.75,2342308.5,2528422.5,4953958,2948770.25,32802478,0,3082390,5684064.5,2392250,4679666,3430703.75,3208176.25,2055329.5,0,2844225,3297853,2432876.25,5895388,1432631.625,2792249.5,2769734.5,2654802,2430431.25,2535556.75,2725513.5,0,2847725.25,6134679,1488849,2583529.5,98273824,18647730,2191035.75,1992545.125,0,2405775.75,8236538.5,2134055.25,7016079,0,6421599,6064436,4015835.5,2003854.125,2871984.5,0,12850025
n113,17083642.69,88227192,8200212.5,4168637.5,2865551,2948890.25,1931376,2112464.25,5363252,3768879.5,6307947,6013831,0,2464733,2679619.25,3944845.5,3149787.75,2886947,2116735,1978823.125,2699904.25,3890166.25,1878847.25,7388025,1828483.5,2428465,2336594,2777201.5,1878811.625,2411245.5,2397866.5,0,2701866.75,6379074,2328398,2701422.75,94936104,16876416,2282981.75,2117682.75,0,2554054.5,8030887,2005287.625,5332248,0,6030560,5564924,4579364.5,3054172.25,2895816.75,2591681.5,12345063
n116,18402632,87665920,9914710,5367665,2907791.5,2835298.5,2020529.375,2177616,7041976,3919240.5,13331752,9471323,0,9471323,2777005.75,4457746.5,2889775,1316717.375,1805293.375,1543087.25,3792496.25,4425820.5,1833096.625,7680636,5089710,2787621,2869923,2971668,2394166.5,3147999.5,2313690.5,3100197,0,8219143.5,2133565,2745202,159831040,29872742,2257035.5,2468675.25,1762063,2571971,9102243,1849566.5,5230059,6433794.5,0,5889227,5343075,1990483,2755137.25,2517980.25,16890744
n117,16651399.63,98215528,8344847.5,3991301.75,3509065,2780045,1943206,2410737.25,6040604,3568168.5,19650053.04,5717266.902,0,4104018.183,2826127.75,3787375,1823372.625,2731678.75,2028844.375,1761199,3013950.75,3855511,2066195.75,7036412.5,1836532,2801567,2910795.25,2904639.5,2457114,2941174.25,2717093.5,0,2520016.75,4364401,2251474,2606495.25,116034488,21468402,2811948,2048284.75,1893208.625,2358944,10512356,1758260.625,3752313.25,0,7068456,6102034,5014933,1834176.375,2717689.75,0,11461729
n118,15459601,98472512,9788220,4362015,3110254.5,2814869.25,1839857.875,2087060.25,5495004,3559968,15773341.91,2991178.227,3823125.692,3033548.361,2597103.75,4880743,1962897.25,2537649.5,1703190.75,2142804.25,3036427.75,3528582.25,3583745,8096496,1653177.75,2768129.5,2802186.25,2664869,1763289.375,2685158.75,2824897.25,0,2813836,3413866.25,2168838,2400447.5,107060952,19316010,2205239.75,2009742.125,1833695.125,2440674.5,7933058,1981171,2992186.5,0,5952706.5,5659859,4409465,2999330.75,2821911.75,0,11082418
n120,19949967.45,110490504,10238919,4180670,3005963.75,2947963.75,2483887.5,2163618.5,6407374.5,3818518.75,22738756.11,0,6915008.5,2441238,3000916.25,5618794.5,3411002.75,1022139.813,1814719.25,2040853.875,3157844.5,3827495.5,1721619.75,8124099.5,1728342.625,2906392,2698409.5,2857311.25,2468543.75,2611564.75,2649308,0,3287129.5,5380587.5,2324126.25,2370662.5,88840536,14999078,2350642.75,2017824.625,0,2532978.5,9170946,2056014.625,3637889.25,0,7168841,5262655,4761601.5,1765784.25,2790938,2519735,12139719
n121,18897673.58,102283080,10086428,3977740.5,2883686.75,2865186.75,2516223.5,2069080.75,6191635,3639986.75,12815020,3838080.5,5880062,0,2750352.25,4548963,887564.5625,3419911.25,1762305.125,1523651.25,3080947.75,4009576.75,3227747.5,6547700,1481891.25,2976906.5,3439874.75,2843858.5,2198727.25,3016839,2696724.25,3008912.75,0,5259520.5,2168855.25,2543732,134379824,24654360,2585391.5,2206064.5,1586211.25,0,9333065,2054204.625,3570240.25,6785634,0,4716517,5231254,2976631.5,2765197.5,2866945.5,18755752
n125,16089912,86018992,8370575,4405236,3411528,2866432,1713727.125,2367300.5,5938664.5,3577568.5,20900980,6911680,0,3084467.5,2672120,4361542,3150799.25,2780600.5,1664506.125,2111742.75,3169867.75,3856367.5,3330850.5,7199158,1657552.375,2662527.75,2567619.5,2802563.25,1653944.125,3033923,2446558.25,2500927.5,0,6296905.5,2360701,2682086,114397328,20241550,2529563,2108570,0,2420030,9489821,2032066.875,6001264,6718961,0,5822669,4677531.5,1828580.25,3024615.5,2002178.5,13916513
n135,5793010.5,108164616,7034214.5,5318162,2606312.75,2634517.75,1810285.75,1826749.75,4927253.5,3121591.75,6052071,7289308,0,2193537.25,2554942.5,4215147,1085609.75,3266671.5,1680474.625,2387331,3348378.5,3745288.5,1868689.75,7289687,2532478.25,2797382.75,2671339.25,2683128,3028689,3071529.5,2342668.75,2466765.75,0,4862309.5,2205492.75,2297776,103431480,18664932,2159914,1957297,0,2428414.5,8783047,1952231.875,3433864.5,0,6612673.5,6073774.5,4779219,2975979.25,2865005.75,0,9104228
n14,14894650,33692720,7208151,4896749,2748617,2794918.25,1913912,2126261,5616527,3569496.5,27026458.33,0,0,8478975,2695174.5,3347330.25,748279.9375,931205.6875,1738306.625,2164303.75,3854039,4628276,1414256.25,8572974,1602211.125,2643440.75,2056640.125,2956278.75,2753489,2560578,2491135,0,2870798.5,6039950.5,3085161,2573608,16112604.94,28269790,2503397.75,2568823.5,1387440.25,0,6910975,1943227.375,3961458.75,0,6024543.5,4022408.75,4252524.5,1810381.375,2418344,0,13398167
n145,17957723.29,123465016,8228135,5364122,3033197,2942298.5,2226676.75,2286161.5,4880470,3697413.5,24767116,0,6098793,2180600.75,2311469.25,3586494,3176659.75,1326395.125,2063725.875,1738619,3341905.5,3714689.25,1553250,7361699,1757119.75,2362919.25,2598722,2640532.25,3131828,2750265.5,2814719.5,0,2593359.25,6057402,2056276,2241716.5,72451480,12132461,1966946.625,1629679.625,0,2352320.5,7056707,2116103.25,3408847,0,5755259.5,4497366,4255226,2622673.25,2781860,0,12048306
n146,18383146.42,108960760,8515370,4784379,2778012,3009697.25,1834697.25,2117438.5,5681547.5,3851748.5,30383952,3083013.602,3705106.702,1864000.047,2704460.25,6165758,3508543.75,3240884.75,1765598.5,2230250,3427839.75,3886321,2275605.25,7353536.5,1551876.75,2787157,2880557,2662730.75,3306072.25,2589848.25,2396217.25,0,2914367,6179391,2364596.25,2515326,82418152,14204395,2387921,1739551.5,0,0,7112700,2024581.25,4425972.5,0,5864967,4386917.5,4454275.5,2649284.25,2699077.25,2993481.5,9722522
n151,18779950,129387824,7192865,5036337,3261511,3012257.75,2349015.5,2835104.75,6377667,3964700.5,19483040,3492814.75,7106347.5,0,2875616.75,3461800,3298650.75,2004838.5,1673204.625,1537406.5,3653098,4291077,2125748.25,8944844,1852157.375,2778922,2743771.25,2797702.5,3732641.75,3068502,2763785.5,3055755.25,0,7330387,1538759,2137786.5,61096436,10465253,2359727.25,2019263.5,0,2700478.25,12866565,2207844.25,4803626.5,0,8797019,9662510,5650442.5,2229407.25,2743447,2459873.5,9657095
n152,18117336,142857872,8769944,4731900,2744234.5,2770625.75,2704792.5,2077605.75,6528912,3667987,35338412,3711961.091,0,2850665.167,2933625.5,3542132.75,2821422.5,1577799,1987540.75,1964808.125,3217822.25,3729059.5,1874218.125,8231740,2079273.5,2887570,3054400,2911305.75,2757431,2835963.25,2486771,0,3066499.5,6013396,1851344.125,2341774,51199704,8830743,2458404.5,1910448.125,0,2409167.5,9690380,1995169,4316005.5,0,7948378,5535503,5409589.5,2171236.25,2897776.5,2691993.25,12408501
n154,18962501.73,78691744,7435229.5,4539388,2909803.5,2925475.25,2130712.5,2170580.75,5050533,3654937.5,22766760,7230059.5,2221146.75,0,2473805.25,3984321.25,164659.5313,1250010.875,1800192.5,1612573.125,3497331.75,4345956,1960959.875,8638158,1581414.25,2737379.25,2305150.25,3092393.75,3523626.5,2511267,0,3267591.5,0,7865107.5,2348088.5,2441387.75,114439496,20063940,2412833.25,2153974.25,0,0,7601593.5,2069513.75,3770088.5,0,6507212.5,4937820,4701813,2726528.75,2843630,2236276,4270071.5
n160,17413862.22,75598552,5608213,4673295,2819919,2879494.75,1735224.875,4818399,5253935,3585633.5,37833927.89,3408585.5,6577321,0,2632643.5,3611791.75,3241375,1421717.875,1690026.875,1732749.75,3313734.5,3804966.5,3459469.25,8698189,1859358.125,2588342.25,2706934.5,2522099.25,1802534.25,2646538.5,2924469.5,2710232.75,0,4592858,2292846,2384537,78834968,13581038,2704608.5,1708250.5,1749274.625,2603482.5,6129589,2214685.75,4157906.75,2016077.625,7363222,9776244,5402765.5,2920157.5,2901077.5,1992864.875,9415438
n162,15758130.4,85755120,8341647.5,3761652,3084752.75,2704999.25,2140706.5,3048038.5,6365332,3425195.5,74364.71094,4077329.25,6985055.5,0,3024071.75,4020313.25,984853.875,1239982.875,1990416.25,1869825.625,2597320.75,3170666,3431749.25,6532060,2606657,2567818,3349813,2328157.25,2587535.25,2240175.25,1740261,3121772,0,3258371,2271925.75,2837585.75,146103600,28079260,2298093,2292437.25,1816938,2561088.25,12288125,1976160.75,4992483.5,4457776,0,8382076,5524009.5,2928202.75,3159381.25,1596891.125,12987618
n166,16182844,81698032,8942369,5729337,2725056.75,2850161.75,2206858,1965280.25,5761934,3564090,9544992,3058916.5,0,5058106,2791767,6493770.5,33510.96094,976146.9375,1727288.5,2349555.5,3332481.25,4302294,1269918.25,9196752,1822352.5,3028448.5,2625348.5,2898712,1671282.375,2893217,2497414,0,2735266.75,7266338,1921352.625,2563859.25,105002656,18753852,2315202.75,2173790.25,2245569.75,0,7482574.5,1873095,3866672,0,7269459,4787387,4664429,2950976,3025607.25,2607301,11317528
n168,15542178,62536304,7081838,6017437,2880703.5,2795730.75,2339747.75,2125236.5,4856999,3596469.25,10329413,2654999.5,0,5376597.5,2543471.5,4908362.5,2945564.25,3388249.75,1821715.875,2246704.5,3387035.25,4183794.25,1865028.875,6273002.5,1858195.5,2645265,2241215.5,2509182.5,2293705,2393755.5,2766268.25,0,2742250.25,6826142.5,2302620.5,2739138.25,114691576,20605620,2082527,2091127.75,2001183.75,2130309.5,7739157.5,1988197.5,2756145.25,0,6538629,4916418.5,4619093.5,1952864.75,2634415.5,0,10034505
n173,14185256,91666120,5735314,5080552.5,2874599.5,2815662.5,1803668.375,4617000,5194552,3343344.25,5700710,3487721.75,0,7431263.5,2366970.25,3215778.75,3107529.5,1298837.875,1759232.75,2318556.75,3704116.25,4177228,2013821,7537466.5,1728006.375,2909011.5,2322928.75,2629059.75,3027552.25,2710823,2344189.5,0,2838295.25,7328604,2452441.25,2468345.75,89615864,16470997,2081706.5,2170653.75,0,2113421.25,15087230,2015530,2711179.75,0,9635866,13057748,5595296.5,3001198.5,2869829.5,0,4413430
n178,15984821,610950.5625,5529812,4561965,3443526,2878303.5,1847394.625,4344982,5217263,3611057.75,12874989,0,4655747.41,2868362.426,2389774.75,3040832.5,2033017.125,2721515,2293877,2358059.5,3284376.75,3869057.25,2791177.25,8520892,1878606.625,2684180.25,2091805.25,2944360.5,2154594.25,2736783,2915245.25,2876785.25,0,5027204.5,2127383,2813650,117125776,21323164,2055280.125,2098774.75,1799198.25,2487435.25,10047518,2062329.25,4732764.5,7514829,0,6718689,4998206,2796839.25,2746444,2938135.25,14995288
n183,13621988,72037544,7494905,4296803,2945961,2841261.5,1840916.875,2152729.25,5831154,3410808.5,26924780,3558721.25,0,4488379,2567825.25,4540355,84753.75,1519779.25,2440568.75,2191777.25,2847952.75,4172263.75,1232657.125,6095952,1643056.875,2739798.5,2249950.25,2789893.25,1791544.125,3076274.75,2345543.25,0,2648665,4634359.5,2224286.25,2573450.75,88146328,16356054,2256003.5,1974631.375,0,2592265.5,9257510,1910587,3521014.75,0,6743753,5785210.5,4862756.5,3089249,2678913,0,11082665
n186-2,16266684.98,47718288,6461610,4799970,2672627.25,2747824.25,1919142.625,2513116,4483894,3569728.75,29722078.8,0,0,6681278.5,2285930.25,3639726.25,1791216.25,1057817.25,2079530.875,2322126.5,3399873.5,3732033,1579670,7279156,3215640.5,1715283.25,1927027.25,2543628,2279538.5,1744361.875,1850919.75,0,3007613.5,6757899,2170247,2282490.5,93596696,16301742,2324489,2119136.75,1493795.125,2486272,10080660,2043943.75,5774580,0,7072163,6157617,4605995,2749184,2965124.75,784508.625,11403262
n188,18619390.57,92507168,9051200,4541062,2943512.25,2978714.25,2093032.25,2274581.5,6313896,3784940.5,21312530,3394609,6330990,0,2782975.25,5143610.5,3070753,1328752.25,2166558,1836898.625,3326414.75,4161357.75,1165665.75,8398026,1966505.5,2577479.25,2726995.75,2801796.5,2620507.5,2368830.5,2620570.25,2960073.25,0,7036723.5,2123276.5,2640998.75,114459016,20787450,2389782,2051235.375,1846482.625,2308854.75,9802077,2057864.5,3470108.5,0,8836536,6623305,4954348.5,1922343.625,2765610.75,2447454.25,11287027
n198,15657833,118848336,8074475,5653839,2619157.5,2722394.75,2237214,1758784.75,5140247,3283763.75,43930332,3232127,0,5773909.5,2819641.5,10217734,63586.22656,1214787.75,2002090.75,1724378.75,3638838.5,4171369.5,3217480.25,8663274,1926061.375,2828801.5,2795248.5,2559979,2812822.75,3011695.75,2219849,0,2657648,6938894.5,1574802.875,2227295.25,69185120,11770038,2401863,1846992.5,0,0,8316830.5,1902879.375,4159842.75,0,6715827.5,4600406,4522008.5,1854571.375,3032847,2462467.25,11323092
n199,17220191.48,97494356.47,7341840.5,5891065,2860700,2835100.75,1846604.625,2173536.75,5151397.5,3559065.5,30548301.64,0,3126156.165,3671851.532,2498118.75,4657352,13018.81543,1333817.75,1747048,2189946.75,4160165.5,4182789.75,3197852.25,7992714,2089442.875,2876699,2746675.75,2755633,2744124.25,2874212,2126969.25,0,2265236.75,5218731,1533680.75,2254332.5,90271624,15746161,2319367.5,1985924.375,2374247.5,0,6757609.5,1971854.75,3294043,0,5767308.5,4078113.75,3932464,3292189.25,2821518.5,0,11070645
n212,11268476,48148956,6168106,4073600.25,2736828.5,2805415.75,1796373.25,2048007.75,4916357,2898691.25,36176940,0,2651907,5821258,2481199,3832644.25,3494628.25,1331710.625,1565180.25,2042478.875,3331505.25,3796121.25,2937810.25,7369815.5,1798120.75,2581823.5,2104313.5,2261799,2535082.75,2525521.5,2397282,0,2300669,5981650.5,2659741.75,2267639.5,86935696,15684109,1985364.25,1859850,0,2791193.25,7520494,1649514.375,2478533.5,0,6704104.5,5480411,4311458.5,3329401.25,2498769,0,12713987
n214,6252178,55160030.62,7368431,4417273.5,2808597,2880258.5,1934075.25,2418022,5612982.5,3613476.25,111114.5938,0,4613531.962,2690999.858,2394565.5,4294527.5,3397458.5,1083136.625,1755882.375,2172185.75,3247358.25,3885937,1999992.125,6971994,1734895.5,2102370.5,2347255.5,2603606.25,1773276.625,2515894.75,1485187.25,2671146.75,0,6056187.5,2169531.25,2633082,119304728,21568292,2118084.75,2016998.25,1618724.75,2456847.75,7873460.5,1806242,6084412,6936443.5,0,5662884.5,4756013.5,2855311.5,2563614.5,0,15797817
n216,16481870.33,56269688,6523095.5,4620557.5,2856734.25,2934131.25,2138825.75,2492801,4299914,3508062.75,14853102,2569582,0,5214032.5,2267276.5,3095085.25,1391906.875,3210606.75,1799696.875,2181188.5,3181151.25,3459134.5,1950231.75,5856846,1499376.75,1936331.25,2171657.5,2254574.25,2360779.75,1843118.25,2610915.25,0,2798802.25,5233768.5,2559061.75,2587078,117725104,21752648,1968350.25,2059735,1513791.25,2321694.75,7649761.5,2030519.375,2722944.5,0,5734847.5,5803976.5,4352716.5,2894878.25,2717140.75,0,11717046
n222,15663172,92415416,7537463,5159484,2717611,2894315,2106050.5,1988878,5300852,3540752,18874998,3132537,0,6497731.5,2684247.25,4156099.75,2928233.25,3255218.25,2086320.75,1867979.25,3399571.75,4260333.5,1059853.5,8733752,2118652.75,2524816,2595116,2475067.75,2836214.25,2542590.25,2030880,0,2736470.75,5703848,2380724.25,2392011.5,85931424,14763819,2074186.875,1935927.125,0,2597341.75,9952536,2185697.5,2304152.5,0,7578261,6826029,5902238.5,2237074,2903884.5,1808498.125,13185670
n224,14461136,133909152,8059967,4295666,2723574.5,2844517.75,1642825.375,2017751,4758618,3340823.75,5571702.5,6212636,0,2851957.75,2585183.25,3931951.5,1722155.5,1305760.5,1746631.625,2210442.75,3118843.25,3769318.5,866359.4375,6342795,1746450,2766846,2909584.75,2820362.75,2697147.5,2687991,2258079,0,2950900,4527639,1675206.125,2747920.75,96495536,17381864,2290197.25,2004262.625,0,2591183.75,8093832,2040751,2975758,0,6136585.5,6787840.5,4270441.5,2766542.25,2776798.75,0,10958618
n229,16476883.33,114853032,7594149,5213774,2646768,2864508.75,1900078.875,2085754.375,5221275.5,3451383.5,5810427,0,5508235,4023961,2334512.75,3702057.75,1521455.5,1789831.5,1771945,2202294.25,3869504.5,4139036.25,2045990.25,8328213.5,1654881.875,2532323.5,2672738.75,2826304.5,3444858.75,2425675.5,2412938.25,0,3370065,5567325,1636735.25,2289286,106075240,18916866,2378166.75,2168701.75,2204466.25,2726737.5,8244779.5,1988525.625,3106179.25,0,6842638.5,5864550,4611461,1721262.625,2835094.25,2245089.5,11510579
n263,11587064,67336872,4580170,2939336.25,934050.5,2729577.5,1755809.125,1982137.875,1759231,754504.625,4314529.136,0,2207808.513,4056375.295,2111193.25,2561004.5,2599815.25,1295038.625,2251322.25,2405223.75,2501646.75,3196756,1836270.5,5372564.5,1846237.75,2395342,1641504.75,1966057.375,1387779.25,2488250,1816318.625,0,2593233.75,4059054.25,2557751.75,2455830.75,91501072,16971716,1872548.125,1989174.75,0,2587011,7575260.5,1972478.75,2822324.75,0,5974864,4736437,4617971.5,3139312.25,2335592.75,0,11518243
n267,4829399.5,67198624,4568638,3518059.75,2249316.5,2417018.75,2359419.25,2758908.75,3564807,2837715.75,11957801,2456468.25,3834095.5,0,2119105,2970548,2845833.5,3228877.25,2351794,0,2463317,3226432.5,1838793,6271666,1483783.625,1601138.5,1755466,2074118.125,2376297.5,1666368.625,0,2737625,0,4641755,2121218.5,2211799.25,56292008,9715188,1963450.375,1877212.25,0,2560149,6434077,2546720.5,2191444,4860998,0,5286525.5,3677030.75,2913388.75,2575885.25,0,9885627
n268,17875908.64,59682632,5550889,4638703,2702746,2939243.25,2612339.75,3283957,4672032,3867991.75,6983206.5,2859507.25,6101857.5,0,2271972.25,3082223,1372254.375,2139468.75,1828525.25,1789479.375,3152083,3753880.25,2133879.5,5955529.5,1723404.375,2281928.5,2399972.25,2638430,1763094.25,2248130.75,2644203.75,2891124,0,5076068.5,2156300,2416629.5,85041712,14608962,2290378,1698791,1807623.75,2625882.25,7223933.5,2268686.25,3442772.25,6684167,0,6584806.5,4146666,3221326,1562335.125,0,13506856
n269,11884932,72402432,6185500,3495997.75,2738994,2693397.5,1908114.375,2250872.5,4653728.5,2832699.75,14873182.03,0,7020083,2319492.25,2378448.5,3659169.75,754251.125,101799.7969,2400158.25,2204629,2697292.25,3235240.5,1473985.625,5362493.5,1500863.5,2321292.5,2418420,2222500.75,2189282.25,2292084.5,2406766,0,2385249.5,5934358,1676311.25,2213052.25,77554376,13627166,2112089.5,1806200.25,0,2569285,11324831,1848718.25,4073640.5,0,7418385.433,8621979.996,5117590,2777054.5,2824440.75,0,1456963
n274,14124998,100186624,8277992,4494443,2455352.5,2748390.5,1932653.5,1919047.625,5212414,3300015.25,4680215.5,0,5589612,2183023.25,2500870.5,3389037,3380517,3146897.5,1762481,2530409.75,3099793.25,3649973.5,1428789.375,6174858,1668663.5,2318010.75,2289552,2633187.25,2437756,2303474.5,2610559.25,0,2810295.75,8676791,2596516.75,2322097.25,70272432,12302853,2220562.75,1758116.75,0,2742397.75,6843845.5,1827545.125,4057968,0,4904254.5,4787936,4157894,2834599.25,0,0,4243316
n279,13644351,80541352,6782215,4666893.5,3002938.25,2845416.5,1867492.125,2787980.5,4473487.5,3032708,7634217.5,5222203.5,0,3079129.75,2178368.5,3129780.5,3030795.75,1634926.625,2194454.25,2374793,3618388.25,3630638.75,1841492,8086441,1652391.5,2574673.5,2322242.5,2561135.5,2319855.75,2480864.75,1858471.75,0,2698290.75,7125143,1580313.75,2541810.5,98529416,18058220,2270634.5,2020604.375,0,2614357,8869443,1929920.25,4382713,1419348.5,7131863,7079149,4508399,1721090.125,2560644.25,0,12372635
n31,16199552,87440112,9306026,4726955.5,2735802.75,2892696.75,1923315.5,2151005.75,4998912,3547607,5447544.5,2510952.663,0,2951289.628,2495294,4168300.5,64262.95703,3004712.25,2160028.25,2207102.75,3228257.5,4285437.5,1524320.25,7631014.5,1764572.5,2521925.25,2429093.25,2689023.75,1675214.25,2082362.375,2682825,0,2969195.25,7584177.5,1965347.5,2501818,129455272,23380286,2218567.5,2188955,1393841.125,0,7279437.5,2021018.875,4607518,0,6095653.5,4541075.5,4217691.5,2629828.5,2444788,0,9423957
n34,15899669.62,55535128.02,7626484,4327203,2553566.75,2773266,2010689.125,2150175.25,4329769.5,3488334,9039286,0,4123488.75,3698051.5,2133727.5,4197859,3278758.5,2295235.5,1996224.75,1579440.875,2869623,3423149.25,1973313.75,7120549,1705989.75,2215453.25,2095489.375,2128514.5,2481534,2243146.75,427725.5313,0,2795575.5,5536856,1706077.75,2377309,124006824,22260518,1929795.75,2172572,1555627,2734585.75,8764749,1960972.875,2788411.75,2133596,4680961.5,6145516,4651618.5,2907974.25,2303283,0,10386427
n49,15658096.78,83467248,7653610.5,4710170,2968905.75,2818935,2036042.875,2271227.25,6325043,3876189.5,29513662,3715626.5,0,5442380,2702379.25,3520672.5,3028639.75,1066057.625,1706117,2359346.5,3017747.25,4390919,1895795.5,8302180.5,1814051.625,2671336.5,2628856.25,2830008,2323052.75,2844719.75,2608936,0,2644052.5,5382699,2495530,2422009.75,94521008,16427707,2501494.25,1960111.375,0,2604792.5,8648158,1961232.75,3579899,0,6212937,5798005,5069909,2737125,2812089.5,2092280.625,10734614
n50,15293876.54,85013224,8390004,5898734.5,2776385,2811950.75,1886000.875,2270410.25,6309325,3444380,23847423.59,0,6792372.165,3921943.031,2890351.75,4141211.25,3068320.25,2482762.75,1804719.875,2316689.25,3204149.75,3728698,1219969,5955697.5,1081092.25,2648441.75,2788094.75,2891433,2706589.25,2664368,2510503,0,2642116,5244173,2737484,2349673.5,87167184,15282308,2363495,1877850.875,0,2554998.5,8735758,1805380.625,4723690.5,0,7009542,6850162,5186417,2719710.5,3019933.5,0,15840830
n54,14781250,93785488,7753797,3988275.75,3085269.5,2852620.5,2052403,2156645.5,5458083,3386019,16030130,0,3522705.75,5356452,2800258.5,4235579,34220.82422,2609632.25,2081651.5,2033579.75,3148047.25,3366595.25,1893693.25,7036479.5,1958403.25,2313445.5,2557531.25,2513455,2099884.75,2632410,0,0,2484543.5,5597088.5,2391414,2705355.5,80540408,14031688,2421669.75,1348348.625,0,2471272,7057972,1943176,5283148.5,0,6309768,5928715,4196862.5,2724838.25,2678725.75,0,14431138
n55,14110120,73342112,5184583,4038375,2883472.75,2812321.25,2066388.375,2878005.25,5394616,3462274,13192298,3107062.5,0,5462312.5,2484944,3204577,89610.125,2933944.25,1813512.375,2233797,3182075.75,4034423.5,1929507.75,4451513.5,1780636.875,2576972,2518339.25,2597354.75,2020524.375,2704401.25,0,0,2689343.25,4649784,2421202.5,2493619.5,93185432,16038821,2291742,2017241.125,2078487.625,2521162.75,8086841,2032146.25,3340191,0,6617707,7189820.5,4322067,2885391,2710726.5,0,12713635
n6,16414819.45,99212976,8842736,4349278.5,2658468,2852843.25,1963366.5,1723774.25,5981667.5,3657893.5,26237582,3388993.084,3486933.646,2778256.159,2631590.25,4429563,2839368,1253960.875,1992223.25,1649252,3473965,4096374.25,1234446.375,7298337.5,1796800.125,2249752,2457670,2588714.25,2149650,2345666.5,2173977.25,0,3138792.75,7359649.5,2232114.75,2046522.25,67906240,11114680,2348498.5,1857099.75,0,0,6461648.5,1900100.75,4203263,0,5551467,4125759.5,4020340.25,3091524.5,2808923.75,0,13887240
n64,17714418.94,85055072,7664441.5,4348045,3067153.5,2839562.5,1970819,2387698,5243754,3661459.5,5389422,0,6500743.5,2806513,2303714.5,4018746,2094728.375,1509899.375,1753514.75,1903479.875,3009258.75,3539812,1995000.75,7448304,1905426.75,2704291,2745847.5,2612721.25,1815245.375,3102527.75,0,0,2622580.25,9096666,2182618,2410218.25,93169744,15880634,2089382.875,2025961.875,0,2600008,9706530,2022154.875,3808722,0,8114225,6660440,5242268,2866667.25,3200149.5,2411996.25,13293445
n67,5947088,102694400,6967472,5048348.5,2578690.75,2930170,2054771.25,2214529.5,4849555,3505194,11826811,3242320.75,0,5961116.5,2347763.75,2831960.5,1020683.875,1142236.625,1713024.5,2441412,3219295.5,4016406,1481999.125,7234862.5,1782261,2666408.75,2446068.5,2608747.5,1678111,2850299.25,2825664,3274882.75,0,7296276,2214395,2555998.5,85610616,14430043,2310316.25,1891194.5,0,2629887.75,8438596,2149095,2847463.75,4351021,0,6377858,4275780.5,2657257.5,2564772.75,0,11391653
n72,13839688,114854824,9305776,4255557.5,2772639,2797298,2004065.625,2030073.125,5970728,2796017,33127866,2931589.213,2903989.31,3112170.266,2770976,4017557.75,3201549.75,2584834,1787386.5,2210929.5,3276953.25,3739308,1996648.75,7917594.5,1578545.25,2521137,2526218.5,2418644,2240047.5,2245844.5,2676799,0,2974323.25,5479042.5,2401048.25,2336020.75,89908656,15341677,2371166.75,1888223.125,0,2611742.25,7430531,1891664.25,2798696.75,0,5840658,4982380,4146643,2916352.75,2787538,2594930.75,11889548
n74,6006031,88305176,7627162.5,4390110,2756185.5,2807203,1960924.5,1974274.875,5522673,3620978,38547472,3181094,5339020.5,0,2543692.75,4485408,3117031.5,2446095,1742759.75,2213440.25,3236354,4301229,1004138.75,9223748,1209251.5,2483469.75,2711217.5,2755363.5,2378213,2725236.75,2808711.25,3032221.25,0,10344415,2209069.75,2605204.25,98637720,17388490,2325831.5,2022102,1572238.375,2500030.75,3385582.75,2055301.375,3584693.75,6531415,0,5959892,4554988.5,2923059,2726599.75,2532809.25,11140219
n80,17206965.36,130425704,8723448,5392482.5,2975306.5,2856598.25,2266073.75,2185454.5,6380531,3551414.75,5089270,4362094.5,2502774.25,3285089.5,2899270.5,4689681.5,3002398.5,1390810.25,2026019,1790927.375,3035887.25,3628278.75,2085541.125,7778811,1747218.75,2627002.25,2687475.75,2772005.75,1928816.5,2425767.25,2552770,2939838.5,0,5696935,2264999.5,2218258.5,78049912,13453746,2408773.5,2032382.5,0,2624786.75,3287718,2040475.75,3941516.75,7165111,0,7029810,5406671.5,2864202.75,2880440.75,0,13530974
n81,15566910,85852824,7691232,4777155.5,3003111.5,2833054.5,1804978.875,2283808.25,6133615,3579617,8172803,0,5622603,3290470.75,2707719.75,3969989.25,3323964,3366913.5,2094826.75,2096771.375,3422837.75,4454553,1769907.75,7934291,1498134.25,2512310.5,2662060.5,2772502.75,2660858.5,2738886.75,2544548.25,0,2409876.5,4553562,2420228,2472573.25,101696496,18375038,2625186.75,1931624.5,0,2459120,9549414,1965577.25,4086508.75,0,7968364.5,7193456.5,4740144,2813074.75,2857739.75,2112466.25,10346182
n84,16591877,99158640,11472006,5315287,2794837.75,3072193.25,1868203.625,2075941,1852801.75,3621674,24565652.15,3850285.448,0,3850285.448,2726588.5,5215325,3236396,2626594,1780146.375,1497784.75,3867733,4984076.5,1802918.625,9419197,1991197.875,3078639.5,2354633,2945897.75,1686301.5,2896575.25,2502233.5,2667560,0,8051337.5,2345022,2592811.75,121462768,22207934,2663405.25,2116504,0,2413384.25,8338143,1898773.625,3440565.5,0,7033762.5,5395105,4493831.5,1773431.5,2795162,50842.92969,6454516.5
n86,15716028,83606336,10961897,6849007,2729943.75,2919610.25,1894377,2253006,9046634,3685034,4170032.5,4830634.229,2653324.993,4658039.985,3886997.5,6523980.5,1445165.25,986398.9375,1995023.625,1844449.125,4272044,5900657,1763713,10036420,1682271,3339983.75,3189751,3174526.5,1674507.5,3250732.25,2594437.25,3375306.25,0,7810697.5,1565976.875,2803009.5,119584848,22650414,2846556,2037199.5,2283414.25,0,7601747.5,1917717.25,4775388.5,0,6729305.5,4128451.5,4239638,3321214.75,2902210.5,0,9523683
n9,16542543.81,105301680,10525656,5049362,2883169.75,2840906,2035147.75,2166182.5,6414206,3618801,24905638,0,3709263.5,5014368,2905384.25,5255609.5,3303017.25,1133983,2141845.5,2189466,3340134.5,4380544,2159663,7500462.5,254092.9688,2863057.5,2553805,2856247,2253078.5,3146026.75,2111326,0,2815067.75,7916985,4081983.5,2384857.75,132327240,23575460,2715462.5,2280079.25,1358253.5,0,7085658,2084282.25,4406657,0,5887553,3926359,4054583,2904310.75,2872279.25,2299646.25,9685503
n92,15439060,113591000,9706948,4049339,2798337.5,2877112,1976113.75,1980034.75,6489990,3734495.75,16143833,0,5357101.5,0,2857061,4605338,3163353,3289701,1794637.625,2092472.875,3452630.5,3850833.25,797837.375,7073817,1764728.125,2644733.5,2768670.25,2822351.25,2379849,2399412.75,2473504.5,3536610.75,0,7954613,1611127.125,2735857.25,168559232,33208282,2540669.25,2483799,1894972.5,2309925,6689396.5,2198535.75,3104390.25,5299103,0,4740446,4121682.25,2961404.5,2672136,3005847.75,11197654
n97,14325176,106901616,9306407,4142843.5,3078481.5,2818843,2144408.75,2363766.5,7171088.5,3516521.5,21789236,3975905.75,0,6499094.5,3205257.25,6049418,1509965.875,2538708.75,1691727.625,1593601.625,3118996.25,3918157.25,1908663.25,8464071,2039228.375,2558270.5,2750838.25,2661411.5,1488011,1904610,2674313.25,0,3742128.25,2865997.75,2337461.75,2795455,138628304,25346496,2522296.75,2332684.75,1899244.125,2480517.75,10158579,2138644,3839848.75,0,7216434,6863375,5899325,2454639,3055176.75,2274696.5,13581419
x100,16390232.04,106017576,6797742.5,5433693,2757898.5,2980044.25,1881337.375,2395157.25,4986444.5,3819839,6334904.5,0,6052412,1854688.125,2476162.75,3707643.75,72959.89063,1617455.25,1769814.75,2349145.25,3343975.75,3986162.25,1207715.375,5453012.5,2829363.25,2914306.5,2307472.5,2806911.25,2084993.125,3090602.5,2956995,0,2474446.5,5987675,1571282.75,2353275,74780920,12821163,2268578,1757363.125,0,2451748,7814708,1902531.125,2757292,0,6871394,5562510,3985735.25,2835235.75,8347836.5,6046598,9953707
x105,18149226.3,105811496,5491963,3500591,2914848,2666228,2438151.75,4679168,5403715,3097302.75,3322461,0,3286635,6043937,2342660,3389334.25,95854.38281,3143035.5,1189265.125,5005091,3348894.75,3773776.5,1859595.375,7277179,974864.5625,2440453,2168641.5,2727660.25,2304054,2611775.25,2502490.25,0,2930372.75,7245478,1969730.875,2313206.5,65112644,11443534,2274399.25,1660372.125,0,2680390.25,7715335.5,2051104.625,4928046,0,7773025,8138109.5,4654083.5,2863586.5,7733202,5470272,12911569
x106,13803924,42447048,4518679,4560602,2712926.25,2740437.5,1749604.125,5364253,5061866.841,2898345.012,8327600,5175960,0,3348418.5,2464712.5,3328867,146617.9531,1782387.375,1941688.75,1612912,3588803,4020906.5,2579223.25,6893659.5,766857.0625,2625342.75,2115667.75,2633592.25,2239656.5,2816557.25,2170419.75,0,2429416,7559646.5,2356153,2375746,59246212,10520750,2043642.25,1633357.875,0,1737359,9611827,1742625.875,2485415.5,0,8753146,9483125,4855516.5,2976989.75,7991804.5,5581842.5,9716363
x111,17553542.33,27490032,8342648.5,4197684,2969276.25,2765050.25,2478439.75,2078742.5,5415475.5,3556787.75,10028073.42,0,3289172.574,4205520.012,2475834.75,4366584,2149923.5,6.36E+13,2215319.75,2129560,3248620.5,3744225,1641067.625,7257116,1595923.25,2870817.5,2739293.75,2698425.75,2169133.5,2969725,2453996.75,0,2487586.5,5814024.5,2272393.25,2345188.5,65152724,11156522,2218756,1694844.25,0,0,6953828,1926989.25,3245010,0,5864233,4107528.25,4319133,2749226,7615691.5,5555513.5,11363232
x128-2,13218358,29107480,9481305,4703031.5,3125711,2644329.25,2007508.25,1599296.5,4258489.5,3037072.25,7347003.5,0,3925250.915,3758511.555,2272924.75,4806990,2553905,3230576.75,1542363.375,2337407.25,3815489.5,3069304.75,1892576.125,7982541,2055641.625,2239221.5,2377674,2372926.5,2062861.5,2071163.125,2685286.25,0,2817025.5,1667464.875,2146284.5,2429357.5,60948772,10710664,2065051.625,1632040.625,0,2587199,7349310,1952968.5,3350990.75,0,5375688,4122782.5,4123150.75,3059326,6445186,4774453,13190647
x13,15595843.37,102847472,5699633.5,4329390,2631565,2725368.25,1818739,2426153,4415054,3526984,19809994,0,5142051,2976715.25,2384473,3395821.5,142450.1719,997410.75,1712132,2033280.625,3057028.5,3615478,1384391.75,4208994.5,1605241,2615616.5,2256201.25,2682657.25,2410529.25,2193028,2360734.5,0,2423522,6980863.5,2210933.25,2099758.5,46922324,8149250,2201445,2327012.25,0,2735943,8716519,1840130.375,3886898.25,0,7730412,5788646,4528329.5,2575163.75,6888989,4975238,9152403
x133,19856601.26,23238022,10674922,3785333.5,3910707,2914080.75,2228352.25,2541082,5514006,3666088.25,9048542,0,6905796,2864056.75,2394438,4918090.5,2.71E+12,1470903.5,2184896.5,1544205.625,3005277.5,4967456,1570194.5,7817168,1600154.875,2716112,2850575,3006770.25,2159268,3128043,2294494,0,2509517.5,2427039.5,2014631.75,2682836.75,131036040,23392210,2903310,2306972.75,1707864.25,2465200,7453572.5,1793483.125,2316072.75,0,5018983,4490931,4079474,2578239.25,8849454,6325887.5,16461835
x137,13637838,60935652,7919936,4680760,3060024.25,2812744.25,2220756.25,1529488,5445287,3332078.75,37170704,3499446.5,0,5692561.5,2597536.75,4122707,2296487,2710396.25,1875552.25,2438837.5,3220274.25,4059114.5,2065685.625,7199036.5,1841966.375,2705619.5,2747273.5,2688305,2740723.5,2955815.5,2675375,0,2325925.25,6026048,1516250.75,2384570.75,56453772,9918905,2356538.25,2089936.625,0,2858070,9366109,1819651,3195421,0,5717597,5366565.5,4402326.5,2848354.5,8080630.5,5734768,8778184
x138,12718988,106299888,6822847,4343308,2857436,2670134.25,1946498.875,2479595.5,4438243.5,3006314,4855423,0,7114385,2402399.75,2318015.75,4950927.5,1944395.625,3164828.25,2327707.75,2101839.5,3267259.5,3500409.5,1532134.5,6272584.5,1872750.75,2928242,2258054.5,2638351.25,2290539.25,2010785.875,2503473,0,3804982.5,10487122,1794916.375,2038187.875,44624848,7978463,2116722.75,1623069.125,0,2683896.5,7865148,1885471.5,4085873.5,0,7072593.5,7434652,4290205.5,2658003.25,7009866.5,5236757,11734263
x14,15434268,71198312,8320020,3816817.5,3158080.5,2829465.5,1718694,2174293,4390324,3562156.5,11548953.22,4480482.893,3437203.674,0,2549893,3403352.5,711588.625,992565.6875,1612501.75,1672445.375,2955978.25,3746579.75,1710555.125,5831642.5,1644852.375,2474404,2625558.75,2648091.75,3875256.25,2510602,2711657.75,0,2736704.75,4972078.5,2325040.5,2606240,84720688,15176162,2188199.25,1883955.5,0,2559175.75,8994942,1954403,4420403,0,5917158,5702994,4492834,2856171.25,8101412,5743475,11116123
x142,12422026,42817496,7672512,3789457.25,3294164.5,2845680,1943323.5,2438432.75,5330852.5,3040002.25,39198792,3362747.5,0,1257093.125,2783535.5,4203909,1448978.375,2324269.75,2745812.25,2374899.75,2884409.25,3749572.25,2938736,6719308,1273731.125,2582233.25,2796889.25,2717487.25,2362817.75,1984012.375,2586492.75,0,3371084.25,1629754.75,2066025,3844130.75,58638296,38131724,2519413,2839388,2224987,2585381.5,8255630,2154345,4692235.5,0,6387354,6037741.5,4240840.5,2909676.75,7448677,5257730,11477373
x143,16217618,108833168,5830435,3667760.5,2995357.5,2695927.25,2409285.25,1964675.625,4484892,3334479.25,6706133,0,4579989.249,3022739.821,2370257.5,4233818.5,935197.4375,1169781.5,1691273,1995036.625,3179343.25,4133266.5,1889055.375,5945816.5,4287932.5,2735802.75,2812096.5,2641530,2259039.5,2932777.5,1865514,0,2488176.75,3760424.25,2484795.75,2688854.25,67295768,11646685,2249693.25,1742452.125,0,2745115.25,7709131.5,1799404.5,2210281,0,6021563.5,5012841,3931524.75,1821437,7632263.5,5538810,10678295
x146,13907528,107488264,7256959,3720733.25,2539137.75,2798731.25,1932166.75,1670913,4273968,3469525,21575024.83,0,5686868,1975233.125,2428170.5,3405666,3106329.5,2757680.5,2094189.25,1750596,2699246.25,3273912.5,1470564.125,6196483.5,1529307,2132474.25,2311491.25,2368980.5,2187912.75,1845329.75,0,0,3109214.25,7402551.5,1512721.375,2188586.5,64663016,11035006,1982692.125,1764006.625,0,2343536.5,7823834,2088003,3550878.75,0,6143656,5697855.5,4565452.5,1750740,7909049.5,5841721.5,12251108
x148,12990363,113842624,7385393,4299626,3301587.75,2850295.5,2320954.5,2205144.5,4158109.5,3099841.25,3676826.944,3514166.25,0,6397884,2493572.75,4239727,49990.54688,1417336.375,2104324.5,2325453.5,3067077,3987930.5,2763839,7967944,1632746.25,2959773.75,2770217.5,3096400.5,2182810.75,3096944.25,2681761.25,0,3112475.25,5386705.5,1626986.75,2698149,112091128,21606514,2515010,2235146.75,0,2667074.5,9968977,2238877.25,3357846,0,8346009.5,8144996,4767311,2042793,6570123.5,4855366,14899175
x15,15177779,134936208,8446632,4169288.25,2525353,2974217,2241213.25,2440288,5927812,3434943.75,785259.125,3465717.5,0,5182103,2865671,5416311.5,1580473.625,996878.125,1816323.375,2261615.25,3457578.5,4809246.5,2175894.5,6964490.5,1861019.5,2302842.5,2318970.25,2593806.5,2193014.75,2066688.625,0,3455126.5,0,6113518,1622114.5,2594166.5,94924808,16414433,2181600.75,1947170.25,0,0,7880160,2030798,3171977.25,0,6542103,4940460,4713062,2846886,6398453,4774804,10777832
x150,5986169.5,124078808,4597235.5,3022408.5,3858117,2743740.25,2069136.625,5027914,5509056,3122271.25,23038744,3628886.5,4232424,0,2520587.75,2795427,976433.5,3149328,2085456.75,2565943.5,2651904.75,3020853.25,2084994,5099432.5,2893771.25,1686013.25,2346325.75,2596744.25,0,2034191.875,0,2188304.5,0,5189468,1999106.625,1914857.125,18557584,4253640,2178990,0,0,2645295.5,9490627,1929749.625,1893785.125,5779993,0,7219057.5,4556419,1944273.25,6052323,4591738.5,9554066
x152,16242354.26,90490136,7020911,4417759,3954379.25,2712423.5,2050997.25,3088941,9041937,3474249,3636113.5,0,8999780,2113170.75,4418676.5,4749127,100775.4219,3095343,1695376,1989950.375,3319424.25,4415073,1897822.5,7005390,1622690.625,2973243.25,2038107.125,2781938.5,2016035.375,3782994.5,0,0,2537272.25,4284932.5,2439480.75,2543405.75,69051208,12250885,2318210.25,1802564.875,0,2436036.5,7929790.5,1634246,2076298.25,0,5242582,5775943.5,3835830,2956607,5127256,3923179.75,8319210
x153,12052166,81863312,6412852,4926086.5,2865798,2868797.25,1861203.75,2206866,7047888.5,3046861,34454984,3071305.5,0,668959.5625,2222512.25,6117251,618231.8125,1079901.375,2321502.5,1470061.5,3332876,5064217.5,2674911,4568109.5,2590461.75,2964832.25,2727480,2592933.75,2520869,2729923.75,2668214.75,0,2665955,5479631.5,2205756.25,2266354,61795092,11116223,2169770,1852409.375,0,2403893.5,4814034,2098375,2066092,3975410.5,0,3623333,2672229,2868066.5,6566429.5,4824593.5,10297383
x157,15076803,136113776,8812606,4414138,2904044.75,2810920,2141517.25,2131026,5610303,3513450.5,6518633.5,3206205.003,4877030.424,0,2426371,3987707.75,827447.375,966588.75,1869455.125,2147459,3340277.25,3814536,1855883.75,6428525,1862898.875,2850907.5,2910329.75,2648807.75,2552602.75,2931422.25,2530856,2337885,0,6809273.5,2504024.75,2389462.25,69323064,11726677,2300567,1905881,0,2498237.5,8724748,1910175.375,4666978,0,6499625,6727903.5,4420575,2647571,6548516,4841663.5,10324298
x159,10972026,89749032,4316850,3079721.5,3296965.75,2756120.5,1674371.625,2703292.5,3532477.5,2910939.25,36801952,0,2401155.75,5464858.5,2386422.5,2333067.25,2895709.25,3373091.5,1840902.375,1481299.875,2636636.75,3051561.5,1835585,6215591.5,827783.125,1823332.375,2297928,2120991.5,2351711,1791627.875,0,0,2318959.5,3646311.5,2346100.5,2584847,55838440,9836367,2016901.75,1739560.25,0,2661509.25,7784969.5,1753315.5,2139049,0,5163552,6441562,4628777,2755619,7586806,5366664,13968952
x17,17527952,148598400,7599138,3925900,2703671.5,2821748.5,2505035.75,2031564.75,6195133,3678900,24984164,0,9263536,0,2755430.25,4673452,3531183,3102867.75,1833289.75,1412356.375,3120865.25,3490515,1386569.625,7441364,2896647.75,2597785.5,2618956.75,2916526.5,1902613.625,2445451,2221927,0,2623108.75,7667914.5,2462908.5,2143273.75,55111892,9287795,2431943,1743372.375,0,0,9581244,1956483.875,5119014,0,7503908,5687709,5325699.5,1853403.5,8082389,5863610.5,12500915
x171,6370886,91622640,8881461,4198704.5,3241806,2927224,2492739.842,2557430,6114008.5,3481541.75,11241514,3819322.5,0,15254837,2537477.25,3644802,139159.8281,1117801.5,2070469.125,2206042.25,2760153.5,3635523.25,604661.6875,6230723.5,2164787.75,2833230.5,2144028,2845041,1539006.875,2917848.5,0,3875461,0,4104781.75,2182021.25,2577851,113349704,21156704,2361026.75,2013473,1530132.875,2310658,7669063.5,1942649.75,3113422,6377093,0,5818134,4673036.5,2786240.25,5964822,4580215,11516277
x175,14428206,65935012,4545696,3980695,4163035,2897051.75,2078697.125,13249654,4481535,3517318,23021936,3255869.25,0,4943031,2494861,2876726.75,3169730.75,2349490,1654143.25,2318415.25,3153392,3539721.75,2104269,6336319.5,1736964.625,1824817.25,2704373.5,2365170,2057950.25,2164445,2739238.75,0,2474584.75,2972359.5,2309007.5,3227015.5,89141224,15713362,2030888.125,1940295,1788125.375,2706275.5,8765069,1765472.5,1779492.5,0,6033951,8394286,3902263.25,3114709.5,5887783,4435014,9574930
x177,20146677.94,88961176,9915173,4093305,2831567,2858449.75,2611868.5,1965217.25,5726595,3612089,9437696,3500572,0,5196479.5,2581078,3498487,2450680.25,1038067.625,623480.875,5616233,3509418.75,4095032.25,2755018.75,7425819,5522116.5,2775720.5,1914974,2872051.75,2007968.625,3401821.25,2804645.5,0,2519817.75,7315438,2252336.5,2507522.75,116302120,21178504,2551647.75,2108675.75,0,2375259.75,8244178,1645812.25,2097417.5,0,6347518,5160516.5,5045855.5,2942417.5,7693696.5,5553027,12581772
x18,15034787,128686152,8288598,4158221.25,2758640,2806501,2003852.75,2151937.5,5024996,3369224,23857852.86,5949850,0,2441157.5,2358104.75,4031501.25,3200708.75,1312847,2109390,2236529.5,2799434.5,3803370.5,2077495.5,4991035,1617089.125,2404799.5,2425442.5,2621342.5,2439119,2183156.5,2210991.5,0,3003009.5,6243649,1768762,2392900.25,103593752,18742894,2181292,2094444.5,1940492,2273001.75,9106041,2023488.25,4042268,0,7393925,5428395.5,4864579,2782224.75,7836473,5692016.5,11734412
x185,19389200,97699432,6091042,3909730.25,2854117,2872684.5,2877999,4520176,5698972.5,3956823,20802091.21,0,4371368.998,3964397.475,2658137.75,4043871.75,67374.45313,3136496.25,2102315,1513256.375,3157231.5,3620227.75,2059339.125,7716489.5,1609191.375,2648504.75,2699407,2923083,1753247.375,2395737.25,1789028.875,3046384.25,0,2516119,2270609.25,4340261.5,206444096,41483020,2610795.75,2848412.75,2031758.125,2280689,7812765.5,2458192.5,4451281.5,0,7008351,8823894,4489125,2738460.5,8589327,6294402,13857432
x186,13990664,79919448,6842331,5025796.5,2529727,2724993.25,1893852.125,1988134.25,4793928,3322810.75,18044492,0,3017666.5,4852974,2365898.75,3324569.75,3159131.25,2935495.75,1722600.75,2355406,3078045,3617117.25,2191089.5,7808320,2088917.25,2383896.5,2608598,2624842.5,2585028.25,2643418.75,2665015,0,2367936.25,5012481.5,1721961.25,2302641.25,74027168,13196190,2093646.875,1667260.25,0,2318793,7782212.5,2066106.5,2632219.25,0,5367266.5,6163676,4382832,3076756.75,5844178,4394884,10259496
x187,17638011.02,93298792,9369376,4071714.25,3261727,2820539.5,2093018.875,2460912.75,6352416.5,3592346,9730910,3658529.75,0,6716088,2782974.5,4543912,1220979.625,2845268.5,2002386.875,1843163.75,2793013.75,4222102,1913745.375,7223630,1712185.375,2689038,2343582,2912634.75,2520791.25,2956926,2570162.75,3350656.25,0,6106071.5,2222167.25,2733366.5,136080944,25290842,2518315.25,2230045.25,1737258.5,2653010,9397489,2265412.75,6423594.5,0,7560843,7037488.5,5446227.5,2784954.75,8512098,6153223.5,13257096
x188,15717120.18,94596144,9228466,4948595,2840091,2695771,1842374.25,1978911.25,5566789,3428124.5,12256731,3437052.25,0,4318465.5,2590273.75,6628217,928812.5,2404914.5,1815416.25,2211846,3084824.75,3526434.75,1589998.875,7859692,1922396.875,2648408.5,2589316.5,2621646.75,1113791.5,2316051.5,2435185.75,0,2374848,3635153.75,2216141.5,2295304,86916040,15646436,2075898.625,1963187.25,0,2412975,6878563,1850559.125,3794075.25,0,5094261,3824389.5,4354439,1675607.75,8218604,5965582.5,11019606
x189,12975124,91001440,6451802,3964037.25,3312848.5,2901171,1785256,2908071.5,5524122,3113414.25,5521660.5,0,3194532.75,5894207.5,2561611.5,4308540.5,1489426.75,1003203.5,1498420,2357820,3210434.25,3952089.75,1481674.75,6329296.5,142981.2031,1802896.375,2110196.5,2655689.25,2281941.25,2278245.25,2230174.75,0,3123705.25,6639793.5,2262611.5,2309740,76716112,13217339,2313923.25,1944420.75,0,2459532,8147683.5,1993044.625,3805087.25,0,6900759,6207126,4543338.5,2039313.5,2817328.5,0,13002195
x190,10850580,88344632,10698570,4946582,2746386.25,2631711.75,1901361,1991831.25,4500184,2877275.5,7359926,0,0,7518182.5,2360749.25,4237965,3328392.25,3434001,1647885.875,2125947.5,3011956,3308733.25,717703.625,7812150,1196980,1261491.375,2426526,2064013.25,2412168.25,2199047.75,1673410,0,3257187.5,4155797.75,2861617.25,2092579,71004272,11972645,1928508.125,1853040,0,2305846.75,7792369,1860574,3679879.25,0,5841202.5,5496889,4152245,1664282,7201321,5205674,9243472
x194,18146963.78,113979648,6451012.5,3905750.5,3143037.5,2874249.25,1923390,2518380,6738269,3685566.5,25256311.7,3895559.944,7499478.051,0,2762046.75,4660704.5,3156781.25,3091227.5,1963004,1856942.375,2706940.75,3506281.25,2724638.5,7874785.5,1981014,2711881.5,2829913.5,2818301.5,3665262.75,2555778,2564971.75,2959218.25,0,6744843.5,2540622.25,2582797,96426416,16689021,2464140.25,2087257.5,1885868,2741427,8617919,2084159.875,5695090.5,7943532.5,0,6172692,5311287,2882761,8483916,6273311,17427242
x195,15249905,58794504,5871669,4845116,2805040.75,2866184.75,1898116.625,4684054,4485895,3401803.75,16305300,3021203.285,4061679.262,2285046.118,2483579.25,5028872,2700563.25,896512.8125,1737936.5,1678847.375,2927426.75,3502621.25,1342340,6668075,1529484.25,2341959.25,2172161.75,2830899,3477571.25,2644382.75,0,0,2254223,6059111.5,2169204,2709470.25,107845184,19567010,2429210,2027602.5,0,2582701.25,8171746,1941617,3390611,0,6439695.5,6598199.5,4413456.5,2826848,5454800.5,4256883,10817681
x196,20496966.23,91400112,5116040,4364308,3331813.25,2779846.75,2553896.25,8634330,5454503,3592324.5,5652277.5,6761952.5,0,3315022,2735243,3811176,2968326.25,3283426.25,752595.75,5512466,3730340.25,4561777.5,1829203.875,6888305.5,2035197.375,2714464.5,2966151.5,2798918.5,2168512.25,2634346.75,2021092,0,2842647,4986162,2494153.75,2482127,72110760,11969426,2116351.25,1744552.625,0,2199898.75,10403251,1793534.5,3445842.25,0,6933688,10284090,5053047.5,2767144.5,9241892,6416966.5,10387734
x20,14963142,96967536,4988607,3952905.25,3278726,2864365,1952103.625,2355348.5,4748531,3406503.5,2831788,0,2921193.25,5722943,2417992.5,3729420,3305496.25,1483016.375,1720547.375,2438833.75,3156777.75,4658340.5,1369119.5,5567043,2175067,2620437,2256944.5,2899909.5,2459594.5,2592836.75,2652561.5,0,2453999.5,4906055.5,2488996.25,1775083.875,35059624,6318772.5,2555680.75,0,0,1991090,8238674.5,1777135.125,2634200,0,7627754,5452146,4708040,2874970,7595063.5,5347828.5,11628857
x21,11730132,84683176,7739533.5,4570550,2795787,2736979.25,1857591.375,1950503.25,4327057,2953249.75,28600552,0,2693379.449,4769904.669,2300744,4274898.5,3478684.5,2299579.25,2367573.5,2227254.75,2812899.75,3698629.25,1131511.375,6114099,1355999.5,2651321.5,2260530.75,2692316.75,2180370,2784944.5,2494305.25,0,2234190.5,5508721,2342932.25,2461861,83408232,14721872,2304581.5,1956014.875,0,2417337,8363541,2119538,3633233.75,0,7076757,5186159,4693042,2821986.75,7423186,5324819.5,12555403
x210,16138238.52,88354600,4458495.5,3163174.75,3980991.25,2730037.5,2055648,5131434.5,7114735,3326909,15667197.46,0,4198989,5133260,2797619,3420184.75,3435230.25,3224272.75,1704773.5,1720679.25,2615479.75,3006331.25,1705301.75,5218321.5,2465489.5,2513800,2452501,2670489.5,842940.3125,2190916.25,2483285.25,0,2440654,3820459.5,2276337.25,2945665,82815168,14226603,2113736.75,1896496,1402556.75,2268245.75,9093196,1796181.625,2353579.5,0,6770513,6848472.5,4730110,2831489.25,7066828,5102591.5,10220159
x222,6170824,104752744,10624936,5352971,2644650.5,2809400.5,1861430.25,2078996.625,4942074,3429438.5,1837053.375,7236850.5,2416436.25,0,2317348,7040708.5,3057129.75,2899418.75,1724010.5,2104948.75,3810329.25,4145630.75,1699361.25,7921810,1194476.875,4226675.5,2646495.25,2672968.75,1521550.125,2608088.5,2423194.5,3790986.25,0,14762302,2343847.5,2394396.25,71825704,12329253,1999803,1721624,0,2471035.5,6523773.5,2100469.75,3232355.75,5051970,0,5678315,4322715.5,2901966.25,7350215,5387981,11041311
x226,11991331,80933072,5774269,3726750.5,2456989,2910625,2146814,2315072.75,3247523,3434010.5,14481935,2327146.75,4987185.5,0,2350083,2593640,1432147.875,3472310.5,1773348.75,2168202,3037099.25,4004976.75,1361268.75,6443448.5,1515238.25,1730952.25,2055687,2331959,1622674,1906075.25,1595344.375,2600326.75,0,4903092.5,2270291.25,2191297.5,77805408,13155903,2170395.25,1740475,0,2489606.5,7576296.5,1871423.875,2957185.25,6396728,0,5013844,4263357,2941244.5,7954577,5720503.5,13604890
x227,6138487,90940904,6514226,4652093.5,2597493,2822074.75,2079159.375,2205483.5,4362701,3781881,1206054.75,3079329.5,0,5539069,2552556,3280467,3238049.75,2496388,1734057.25,2314493,3112812.5,3546643.75,1866996.875,8940918,1832068.625,2735289,2875774,2642000.5,2126660.75,2483936.75,2538098.75,3141661.75,0,2167174,1784751.5,3603154.5,183062016,36876012,2454025.5,2609589,1823024.125,2296203.5,6145219.5,1953927.25,2658169,5319057.5,0,5048453,3717042.25,2846132,6933746,4980224.5,10096006
x26,11254806,106094136,4948137,3806474.25,2553666.75,2788768,2310970,2463560.75,3104721,3214194.75,38214724,0,2731480.5,4441765.5,2500394.5,2376060.5,1147745.125,1058870.75,1694601,2187526.25,3089155,4173481.25,1749952.75,7172074,1785851.875,1763973.75,2063428.375,2268934.5,1699370.125,1974030.625,2424512,0,2512684.25,5110213.5,2313171.25,2382962.75,72412904,11998203,2025295.5,1837730.75,0,2614308.75,8354100.5,1974337.375,2890673,0,6782790,6688649.5,4503846,1868943.5,5458901.5,4154878,9698016
x27,13979772,133794008,9081770,3928800.5,3076618.75,2865825.25,1950285.75,2587652.25,6299205,3418906.5,19515864.14,3828144.5,0,5571363.5,2992975,4224969.5,1458333,1050419.125,1757514.5,2126845.25,3111251.25,3915510.75,1186188,6037596,2439612.5,2318126,2712268.75,2696543,2319638,2392823.75,2267746.75,0,3029391.75,7614432.5,2331812.25,2170022,61202604,10338887,2507190.25,1998045.25,0,2621292,9508614,2025754.375,4799839.5,0,6217714,6112815.5,4986898.5,3212831.25,7422756,5386481,15178818
x35,14990051,88348176,5379312.5,3684702.25,2787721.25,2790183.75,2282888.25,1866708.25,4292429.5,3433155.75,23720830,0,2625927.585,3771593.814,2218301.25,3270051,2833728.5,3008444.5,1713641.125,2152277.75,2764548.75,3574088.25,1165599.75,5057117.5,1382876.75,2166233,2206100,2211062.25,1986717.125,2136517.5,2136546.5,0,2562349,5049908.5,2467477.5,2253429.75,73633656,12054767,1965198.875,1814502.875,0,2273640.5,7763853.5,1857521.75,2865929,0,6997388,5459832.5,4559850.5,1958866.25,7390327,5575147,11677834
x36,11836076,82872568,7385705,4221587,2407614.5,2804254.25,1568606.375,2931503.5,4530417,2978697.5,19499322,4268814.942,2861303.197,0,2383938.25,3188767.75,2774489.5,3383557.5,1606608.25,2196893.25,3544807.5,3896950,6732178,7397312.5,2030220.125,2607770,2444798.75,2620458.25,2185925.75,2432049.5,2265383,2930297.5,0,5168551,1987596,2308026.5,67307720,11927130,2292513,1564213.375,0,0,7486849,2094905,3539718.5,0,6939283,4989263.5,4312293,2985253.5,7054239,5127468,7829629.5
x38,20189578.92,100483504,5744338,3696854.5,2885523,2783537.5,2628965,2875422.5,4774063,3295000.5,10714516,2562388.475,3445556.288,3154858.605,2287257,3764664,2149956.75,1229176.875,1795923,0,2956867.25,3198279.75,2019534,6684369,1480763.125,3271778.5,2595618.25,2519664,1627463.25,2453482.75,0,0,2945996.5,3739155.25,2554224.75,2416940.25,69293424,11804822,2021163.25,1807430.125,0,2355761.25,9300374,1940435.375,2568222.5,0,7258496,8967940,5100178,2878330.25,6947949,5267797,10829173
x40,16052678,144115184,8237021,4364542,2694213,2812741.5,2263265.25,2051271.5,5811717,3779380.75,16996714,3557657,0,5461197,2817835.75,5350511,2950470,3088896.25,1766790.5,2077763.25,3776497,3995200,1785652.25,7447393.5,1944750,2743898.75,2705257.75,2804761,1584260.75,2929735.5,1429925.75,3066670.25,0,6379049.5,2324810.5,2238904.5,75433024,13077885,2544140,2122795.25,0,2323330.75,8945101,2110490.75,3451978.5,0,9026756,5214694.5,4827331,2828792,7296118,5506504.5,8830822
x41,14443785,104979176,5262883.5,4111888,2829285.25,2770229.5,1842907,3040217.25,4611935.5,3451080.5,8210402.5,0,5858048,2671328.75,2270307.75,3052198,2100947.75,1254014,2381274.5,2447290.5,3112035,3662472.25,2818120,6182363.5,2910279.5,2343485.75,2000498,2552128,2446337.75,2599232.75,0,0,2083171.625,5690701,1938760.375,2553434.25,57116160,10460750,1988558,1731711.625,0,2505210.75,7662669.5,2209205.75,2251950,0,5055812,6632332,3364489.75,3037808.25,6108673.5,4549829.5,11835660
x43,12018739,121577400,7114238,3447257,2974698.75,2678371.5,2061200.75,1983771,4044643.75,2630468.5,8790595,0,3423492.5,5556134,2449337.75,3667566,919414.5,1416478.875,2060685.875,2221815.75,2868889.25,3393633.75,1671891,4067970.75,532006.375,2299315,2419696.75,2702220.75,2250649,2361412.75,1830966.875,0,2574395.75,5657521.5,2292506,2128324.75,38864816,7171246.5,2330556,0,0,2609634.5,8323581.5,1944891.875,4458265.5,0,7502167,5391260.5,4142831,1967653.5,6861602.5,5125682.5,9549712
x44,12727022,125396688,7399977,4509445.5,3187897.75,2993460.25,1946400.875,3598023.5,4822840,3057442.25,35527068,3718168.25,0,5085388.5,2524345.5,3866461.25,2193158.75,1224274.625,1637329,2327134,3639995.5,4125098.5,2145961,6932028,1733037.125,3074514,2774492,2810631.25,1542760.75,3424908.75,2637084.5,0,2634585.75,7257451,1524593,2219924.25,46370484,8508004,2248357.75,1337185,0,1756019.375,9500162,1834626.625,3410300.25,0,7697986,7831784,4432384.5,1662471.875,7194953.5,5149437,12562259
x45,17181480,100750464,6352247,4666081,2864415,2904428.5,2334141.5,1995002.625,4010517,2910422.5,4901861,0,2727248.75,6344163,2089605.625,3780893.75,705749.375,3664922.5,1669875.5,0,2749279,3297829.75,1543619.5,5119923.5,1993535,2488253.5,2146952.25,2281865.75,2386278.25,2569585.75,0,0,2387806.75,4833262.5,1582757.75,2332069.75,72260320,13078832,2061782.25,1805917.25,0,2631741.25,11557615,1858699.125,2820737.25,0,7233078,8111415.5,5321866.5,2329795.25,6581230.5,4735212.5,13257268
x47,3430235,908715.3125,5472805,1918906.875,1432577.25,2154305.75,1881021.125,1551743.625,3193469,2291264.5,16796294,3374461.25,0,2237184.25,1872634.375,2089488.5,2980891.75,501610.4063,2509386.25,2403349,2065984.75,2362586.5,2498277.5,4020140.5,14384910,2586432,1451377.5,2001134.125,0,2206903,0,2020016.875,0,3362406.75,0,2707326.5,20852010,4390555.5,1720581.875,0,0,0,5550906.5,2737664.75,2010571.375,4064194.25,0,3528852,3556477.5,2790735.5,3530541.5,2785448.25,7783619
x49,9914080,107092296,8306722,3848332,2789454.5,2818034,1945982.75,2177573.5,1241607.75,2790864,32947280,0,3152428,5145251,2652957.75,3811465.75,2923544.5,1238345.5,2147742.75,2068285.25,2883975.5,3694293.75,1898269.625,5264615,958806.5625,2682696.5,2828820.25,2629609.75,1860765.25,2798838.5,2352295,0,2944170,4678370.5,2373945.5,2286597.25,80823880,15239818,2329139.5,1983911.25,0,2644947,11045990,1991248.125,4354444,0,8261541,7536862,5481085,2920593.5,7826579,5525090,16509035
x56,15502984.8,89946016,6621938,4375400,3045555.5,2830688.5,1817733.625,2321127,4653450,3419868,22254254.38,5314842,0,3165123.25,2202463.5,3816096.25,178054.1094,1004782.625,1626932.375,2074221.5,3391897.25,3967176.25,1450215.125,7616152,2300809.25,2467527,2270895.75,2719881.75,1801398.625,2587043.25,2705366.25,0,2781297,6748990,2278626,2445303.25,84288104,15005422,2157599,2013035.375,0,2468462.75,8452541,2463876.75,3816215.75,2901731.75,3898653.5,5888071,4538183.5,2298487.75,6376264,4769892.5,9521367
x57,13304204,115556488,5712432,3539731,3165136,2808876.75,2085496.625,3100457.25,5197731,3285955.5,17119253.79,0,3508066.5,4423886,2479880.25,3082162.25,3074880.25,2943251.5,1765957.25,2082817.375,3252252.5,3381605.25,2076576.75,4201191,3062903.75,2362636.5,2211117,2619527,1882811.375,2119667,1959162.75,0,3096746.75,2295877,1676510.25,4883238.5,271017728,67236712,2190766.25,3525083.5,2382435,0,8525264,1821224.625,1917622.25,0,6622560,6003357,4760568.5,2900411.5,7044042,5260497.5,10237157
x59,16380547.15,115632640,6144857,4283928.5,2702115.5,2767270,2161807.75,2339720,4663060,3369694.25,19246604,3009612.5,0,5208410.5,2342015.5,3231776,3386225.75,3417958.75,1770569.5,2572028.75,3501611,3653738,2486165.5,6883673.5,1887193.75,2358332.5,2254796,2398464.25,2070030.625,2687142.25,2741793.75,0,3021799.75,5957201,2448196.5,2359325.75,59997672,9962980,2220929,1700257.875,0,2457652.25,8663547,1724873.25,3215414,0,5997380,6854774,4858804.5,1856993.5,6949704,5256838.5,10916439
x60,16227984,135557440,8551103,3926061.5,2939390.5,2810941.25,2125357.5,2257688,5661270,3580026.5,32867384,0,3433273.5,5220820.5,2518836.5,3910020,224591.375,2393326.75,1808947.25,2047430.875,3013616.25,4148633.25,2021186.375,7237191,1490430.5,2305354.25,2405156.25,2740520,2232122.25,2722644,2681882.5,0,2489042.5,6684020.5,2276154,2318922,50120976,8344528.5,2476918.75,1298736.375,0,2742116,9435837,2357583,5341774.5,0,7389045,6054853,4547045,2004879.875,6768971.5,5015187.5,11485501
x67,13987661,117027984,7030531.5,4401467,2827500.5,2727288.25,2102769.25,2533924.25,4796029.5,3474244.5,24299080,0,3134431,5644744,2286207.25,3435512.75,3299580.25,3477365.75,2225058,2603424.25,3221945.25,3772875,2885908,5711711.5,1830662.375,2651155.5,2703197,2426976,1908532,2656498,2580588,0,2965024.5,4753973.5,2284155,2257513,55780660,9432265,2229198.75,1825827.875,0,2723035.5,9676093,2004626.875,3935560.5,0,6728081,7890561,5038140.5,1727077.75,7652403,5546378.5,12467330
x68,17088986,95248008,6051151,3870605.75,1912511.125,2767573.25,2536786.5,2170884,5367028.5,2998449.5,21243684,0,3102243.75,4648303,2388768.25,4082411.5,1715375.125,175492.5938,2363081.25,0,3322620.5,4151014.5,1370033.875,7069802.5,1540138.75,2563852,2288134.5,2669030.5,2278943,2762402.5,0,0,2313364.25,6060878,2146290,2119148.5,69171184,12367215,2336645.75,1665132.375,0,2741486.75,9083798,1963402.125,2243363.25,0,7355105,5742319,4922893.5,1905532.25,6294853.5,4645058,11274484
x71,15281544,101449360,8332005,4458004,2969198.5,2880180.75,1969354,2086502.5,5333623.5,3551427.5,14903452,0,3269377.5,4613778,2560109.5,3526068,4.09E+12,3292839.25,2439619.5,1987945.125,3384583,4108131.5,2061019.125,6564078,1646121.5,2698062.75,1812763.375,2766952.75,2173619.5,2917386.75,0,0,2728471,6227036.5,2425999.5,2399003.25,79891784,13239040,2283188,1844723,0,2591936.5,7365789.5,1836379.25,2814656.25,0,6633485,5340923,4379036.5,2810503.75,8148746.5,5995828.5,10708355
x73,11559320,110092151.1,7361846,3357732,3538553,2824604.25,1821809.25,2392086.75,5421043,3014998.25,22200958,0,3152656,6722822,2282366.5,4217702,2092135.25,3201743.75,2375535.75,2215338.25,2974838,3480181.5,1349480.875,5944486,1672786.75,2300568.75,2136857.75,2622467,2283639,1820889.75,2162433,0,3437286.5,5804892.5,2263828,2389703,78682360,13829099,2497336,1879267,0,1641599.5,11554753,1920559.375,2970087,0,8687740,8025901,5721772,2912061.5,7049178,5102361,10875142
x82,4615273,65923116,4667972,4592463,2587961.5,2359723.5,2056767,994722.4375,3309950.75,2765395.75,22646292,3088070.25,0,3109883.25,1942449.375,2651923.75,1999824.125,37042.11719,1568914.375,2248435,2500434.75,2483398,2570604.5,4895961.5,1599533.125,1740422,1484330.75,2256271.75,0,1772377.25,0,2518245,0,3965631.75,1579732.375,1737261.875,38828764,6935139.5,1776024.5,0,0,2597750.5,6481633.5,1826365.875,2379481.75,4731022,0,5409072,3459612.5,2828834.5,4937225,3724717,8190577.5
x84,16424168.08,117400416,7717431.5,3749380.5,2861682,2855484,1795516.875,2338942,7103187.5,3639086.25,20941096,4610088.789,4497882.913,0,2894141.75,4024533,3125806.25,1049822.75,1860564.125,2205578.25,2929733.5,4420123.5,2529484.5,5099437,2100769.75,3055560,2805152.25,2877167.5,2504479.5,3200927.5,2721498.5,0,2854606.75,4485743.5,2402320,2483759.75,66910232,11713535,2890522.75,1703797.125,0,2235252.75,8523419,1789419,4303770.5,0,6916739,6315405.5,4564904,3119331.5,5745462.5,4342337.5,9732917
x85,16317632,120982344,5663656,3352268.5,2193474,3250606.5,2491082.75,2226032.5,3247312,3343087.5,22675910,2240788.25,0,5711631,2765076.5,2225758,3783413.75,2038562.625,674094,5741591.5,3041688.5,3591285,2051418.375,7843396,2112730.25,2485534,1954248.5,2361264.25,1488439.75,1584390.125,0,3721881.75,0,6486933,1497600.375,2414960,89629648,16064191,2437142.75,2065983,0,2607237.75,10224616,1930154.5,3553543.5,1396909.5,7758194.5,8592678,5072157.5,1933398.875,9269962,6372490,9894082
x86,19549100.41,119478728,9703061,4243174,3370226.75,3034620.5,2196338.75,2336051,6305072,3819285,10430216,0,6639271.5,3311521.25,2887908,4420630,968251.6875,3302939.5,1762670.625,1982481.75,2980553,3838338.25,2529142,6332029,1619716,2698671.5,2702704.25,2857767.25,1616309,2729437.75,2724419,0,3118839.25,1566949.625,2187023.5,3634874.25,222954544,45742740,2239015.75,3015158.25,2113565.5,2526070.75,10368685,2026938.875,4297205,0,8529606,6985788.5,5120788,2306619.25,9263695,6496326.5,12611018
x88,13701355,82647640,8388343,4630408.5,2702021.5,2722678.25,2041051.375,1932977.25,3588960.25,2968063.5,14084275,2705586.833,0,1761131.98,2605327.5,6650627,2908135.75,2952287.75,1809290,2210863.25,3183085.5,3863793.5,1973515.875,7332067.5,3949283.75,2228598.25,2197619.5,2375189.5,2199093.5,2351447.75,0,0,2522089,4966002.5,1786358,2564440.5,95429656,17007416,2080961.375,1949872.125,0,2286219.75,7194570.5,1907141.25,2856051.75,0,5189895.5,4764819,4258440.5,2698153,8688073,5849317.515,11593446
x89,13768348,107989528,7207279.5,4609996,3028319.75,2855830.5,2080555.125,1959453.875,4917159,3502637.75,3571810,3105902,0,5329015,2273324.25,3670767.25,1449572.875,1268264.25,2179778.5,2510789.75,3292512.5,4195132,1988496.125,7491199.5,1607371.25,2297407.75,2302510.75,2391419.25,1962326.125,2448124,1974927.625,0,3498899.75,4789621,2181090,2436266.75,81699896,14196582,2218555.25,1857652.625,0,2464697.75,7672406.5,2155787.25,3349721.5,0,6215822,5793609,4634955.5,2947998,8022574,5851495,10515107
x90,12015272,3792755.75,7495537.5,4609863,2420645,2725948,1950919.875,3276600,4096515.75,3166595.75,5809522.5,0,4112881.25,2412530.25,2328031.75,3063853.75,1309618.5,828138.75,1653045,2225742,3074139,3666465.25,999325.25,5706629,2279843.25,2139648,2156822.25,2118551.25,2101190,1799737.75,0,0,2422702.5,4640880.5,2313284.5,2129411,88153472,16317465,2044135.375,1767305.5,0,0,6672077,1687488.75,2712944.25,0,4871865.5,4747714.5,4255339.5,3180427.75,6365764,4801440.5,11012159
x91,14484942,96658040,9024996,4571329,3061988.5,2778443,1774005.5,1994596.25,5159795,3528304,5409658,3859728.086,3521154.757,0,2420408.25,4283182.5,597598.875,2684587.25,1752006.75,2309536,3097745.75,4438953.5,1688260.25,6088881,1163528.125,2570304,2112400.75,2854304.75,1798436.25,2664844.75,0,0,2608802.75,5999419,1553211.25,2475447.25,104675560,18994636,2418675.25,1965491.875,0,2380126.5,7265054,1821771.5,2923664.25,0,6253617.5,4648671.5,3982050.75,1844450.375,6617059.5,4923120,10425637
x92,14224067,92883376,7406501,4200302.5,2527672,2802544.25,1768755.875,8784490,4897400,3547297,14662670,3101105.5,0,4424380.5,2744338,4766627,3111132.5,3149827.5,1800299.25,2136120.5,3793347.5,4205583.5,1693094.25,7401735,1232474,2607133,2290618.5,2741818.75,1981037.25,2631521.5,2160979.25,0,2692328.75,6434065,2405510.75,2323725.25,75547544,13217881,2400930.75,2113062.5,0,2409481,8070539.5,2085483.625,1794734.875,0,6492527,4480961,4366602,2238585.75,7016770,5134659,9791655
x93,17605788,143295024,9121334,3990151.75,3259083.25,2887468.75,2014053.875,2356618.5,5160154,3790650.25,15522944,3417101.75,0,6646153,2411142.5,3821962.25,1827645,1062996.125,2156883,2142983.5,3379634.75,4152596.75,1656473.75,8284620.5,1787907.625,2845451.5,2533491.25,2893676.75,2492932.25,3152508.5,2830007.75,0,2953556.25,5773844,1585498.25,2333809.25,83770992,13964502,2475205.75,1932201.75,0,1788719.25,10739824,2086628.875,2752616,0,8443909,9772758,5425215.5,1743207.75,9571235,6843498,10656612
x95,16065134,71095351.34,7040950.5,3509353.5,3013114.75,2871945.25,1885871.375,2341101,5948424,3710432.5,26887084.46,7442851,2111238.5,0,2647915.5,3173956.5,3370750,1499252.875,2182043,1974075.25,2837850.25,3483386.5,2115435,4659498,1475017.375,2468667,2257273,2919814.25,3623505,2745184.75,2626303,2914752.75,0,4949934.5,2554297.5,2182115.25,65157888,11026813,2279421.5,1710129.5,0,2516967.25,9723729,1995717.125,3172549.75,6663867.5,0,6702926,4974389,1964555.375,8733214,6262851,12291265
x96,16711907,137074752,9474279,4416063,3142193,2941275,1745850.125,2154608.75,746633.25,3662190.5,6057511.986,5342592.852,0,5342592.852,2601965.5,4071832.5,479636.7188,2794960.75,1760962.5,2177821.25,3344565.25,4506811,2145968,5464428,1481493.75,2995985.5,2296822.75,2918987.75,3376345,3279666.25,2291444.5,2834501,0,7342991,2202800.25,2456165,84121448,14284316,2450570.75,2135208.75,0,2470001.25,9605004,1851188,3408286.5,7949690,0,5628696,4895205.5,2740801.25,7946196,5852363.5,14657978
x97,18423100.42,119942136,7014795.5,3919328.5,2856344.25,2815206.25,2493268.5,1982178.875,5346603,3700311.5,5974045,5312754.195,3394632.193,0,2487916,3743899.25,3049192.25,1125448.25,1989199.5,1650898.875,3599998.5,3847727.25,1757203.875,7220436.5,1667266.125,2262982,2169370.25,2872837.25,2211286.75,2569349.5,2734513.25,0,2644741.75,8159302,2399434.5,2282618.25,60264012,10478901,2357789,1744518.875,0,2287188.25,7674920,1807634.625,4570807.5,0,6434853,5400897.5,4802087.5,1868312.875,6718806,5063943,13697071
x98,12181155,93986400,7940735.5,4265846,2803796.5,2870224.25,1905455.5,2090883,5127755,3061595.25,26430674.05,4022744.437,4440095.809,0,2497706.25,3483794.5,2024240.375,3094824.75,2589367.25,2592657.5,2951044.5,3718632.25,1475449.5,7322807.5,1739646.5,2632614.25,2120222,2700918.25,1803775.25,2928163,2197841.75,0,2406259.25,4680796.5,1897718.75,1974565.625,80300976,14479462,2239931.25,1816674.75,0,2527884,6708265.5,1897040.875,3533172.25,0,7041035,5772018,4843142.5,2580741.5,6656165,4915583,14596919
x99,11869583,116472664,8101324.5,4228467,2833773,2837950.5,1732279.875,2224395,5596492.5,2975037,16921186,3995957.103,0,2711145.84,2832958.25,4589618,476366.3125,3381194.5,2122869,2233191.75,2859071,3811701.5,1526645.75,7523785,2846465.5,2980018.5,2508226,2909041.75,2053701.375,3195141.75,2403332.25,0,2573998.75,6204388.5,2294933,2456141.25,119579368,23493510,2780824,2220058.25,0,1996099.5,8457754,1714037.25,4060145,0,6295649,4858990,4826185.5,3010108.75,7001737.5,5166296.5,12686935
